<?xml version="1.0" encoding="UTF-8"?>
<project-private xmlns="http://www.netbeans.org/ns/project-private/1">
    <editor-bookmarks xmlns="http://www.netbeans.org/ns/editor-bookmarks/2" lastBookmarkId="0"/>
    <open-files xmlns="http://www.netbeans.org/ns/projectui-open-files/2">
        <group>
            <file>file:/C:/Users/aluno/Documents/NetBeansProjects/Polimorfismo/src/testes/Teste.java</file>
            <file>file:/C:/Users/aluno/Documents/NetBeansProjects/Polimorfismo/src/entidades/Circulo.java</file>
            <file>file:/C:/Users/aluno/Documents/NetBeansProjects/Polimorfismo/src/entidades/Ponto.java</file>
            <file>file:/C:/Users/aluno/Documents/NetBeansProjects/Polimorfismo/src/entidades/Figura.java</file>
            <file>file:/C:/Users/aluno/Documents/NetBeansProjects/Polimorfismo/src/entidades/Quadrado.java</file>
            <file>file:/C:/Users/aluno/Documents/NetBeansProjects/Polimorfismo/src/entidades/Retangulo.java</file>
        </group>
    </open-files>
</project-private>
